id,text,label
1,"The system should respond quickly to user inputs.",ambiguous
2,"The application shall support at least 1000 concurrent users with response times under 200ms.",clear
3,"The interface must be user-friendly and intuitive.",ambiguous
4,"Database queries shall complete within 50ms for 95% of requests.",clear
5,"The system might need to scale to handle increased load.",ambiguous
6,"User authentication shall support OAuth 2.0 and SAML 2.0 protocols.",clear
7,"The model should be robust to noisy input data.",ambiguous
8,"The API shall return HTTP status code 429 when rate limit of 1000 requests per hour is exceeded.",clear
9,"Performance should be better than the previous version.",ambiguous
10,"All user passwords shall be hashed using bcrypt with cost factor 12.",clear
11,"The system may require additional resources when needed.",ambiguous
12,"The application shall maintain 99.9% uptime excluding scheduled maintenance.",clear
13,"The interface could be more flexible for different user types.",ambiguous
14,"Data backups shall be performed daily and retained for 30 days.",clear
15,"Response times should be fast under normal conditions.",ambiguous
16,"The system shall encrypt all sensitive data using AES-256 encryption.",clear
17,"The model needs to handle many different input formats.",ambiguous
18,"User sessions shall expire after 30 minutes of inactivity.",clear
19,"The system should be scalable to meet future demands.",ambiguous
20,"Error logs shall include timestamp, error code, and user ID for all exceptions.",clear
21,"Updates should be applied when appropriate.",ambiguous
22,"The application shall support Chrome 90+, Firefox 88+, and Safari 14+.",clear
23,"The algorithm might need optimization for better performance.",ambiguous
24,"User registration shall require email verification within 24 hours.",clear
25,"The system shall be reliable under various conditions.",ambiguous
26,"API responses shall include Content-Type header with application/json.",clear
27,"Some features could be improved based on user feedback.",ambiguous
28,"The database shall maintain referential integrity with cascading deletes.",clear
29,"The interface should be easy to use for non-technical users.",ambiguous
30,"File uploads shall be limited to 50MB per file.",clear
31,"The system may need to integrate with several external services.",ambiguous
32,"Password reset tokens shall be valid for exactly 1 hour.",clear
33,"Performance should significantly improve over time.",ambiguous
34,"The application shall validate all user inputs against SQL injection attacks.",clear
35,"The model should generally work well with different data types.",ambiguous
36,"All API endpoints shall return standardized error messages in JSON format.",clear
37,"The system could benefit from additional monitoring tools.",ambiguous
38,"User data exports shall be available in CSV and JSON formats.",clear
39,"Response times might vary depending on server load.",ambiguous
40,"The system shall comply with GDPR requirements for EU users.",clear
41,"The interface should be flexible enough for future changes.",ambiguous
42,"Email notifications shall be sent within 5 minutes of triggering events.",clear
43,"The algorithm may require tuning for optimal results.",ambiguous
44,"Database connections shall timeout after 10 seconds of inactivity.",clear
45,"The system should handle errors gracefully when possible.",ambiguous
46,"User profiles shall store last login timestamp and IP address.",clear
47,"Performance could be worse during peak usage hours.",ambiguous
48,"The application shall support internationalization with UTF-8 encoding.",clear
49,"Some configuration options might need adjustment.",ambiguous
50,"API rate limiting shall use token bucket algorithm with 1000 tokens per hour.",clear
51,"The system should be quick to deploy and configure.",ambiguous
52,"All financial calculations shall be accurate to 4 decimal places.",clear
53,"The model might perform differently with various datasets.",ambiguous
54,"User roles shall include admin, moderator, and basic with defined permissions.",clear
55,"The interface could use some improvements for better usability.",ambiguous
56,"Search functionality shall return results within 2 seconds for queries under 10 words.",clear
57,"The system should maximize efficiency where possible.",ambiguous
58,"Data validation shall reject entries with malformed email formats.",clear
59,"Response times may be adequate for most use cases.",ambiguous
60,"The application shall generate audit logs for all administrative actions.",clear
61,"The model should minimize errors in predictions.",ambiguous
62,"User sessions shall be stored in Redis with 7-day expiration.",clear
63,"The system might need better error handling in some cases.",ambiguous
64,"API documentation shall include examples for all endpoints.",clear
65,"Performance should be sufficient for typical workloads.",ambiguous
66,"The database shall maintain indexes on frequently queried columns.",clear
67,"The interface could be more intuitive for new users.",ambiguous
68,"File downloads shall support resumable transfers using byte ranges.",clear
69,"The algorithm may need to be optimized for speed.",ambiguous
70,"User authentication shall require multi-factor authentication for admin accounts.",clear
71,"The system should scale as needed with growing user base.",ambiguous
72,"All external API calls shall implement retry logic with exponential backoff.",clear
73,"The model might benefit from additional training data.",ambiguous
74,"The application shall support dark mode and light mode themes.",clear
75,"Response times should be fast enough for real-time interactions.",ambiguous
76,"Data exports shall include all user-generated content upon request.",clear
77,"The system could use better monitoring and alerting.",ambiguous
78,"User passwords must be at least 12 characters with mixed character types.",clear
79,"Performance may vary depending on hardware configuration.",ambiguous
80,"The API shall version all endpoints with v1/ prefix.",clear
81,"The interface should be easy to navigate and understand.",ambiguous
82,"Database backups shall be verified for integrity weekly.",clear
83,"The model should be reliable across different scenarios.",ambiguous
84,"User notifications shall be customizable per user preferences.",clear
85,"The system might require additional security measures.",ambiguous
86,"All user-generated content shall be scanned for malicious code.",clear
87,"Response times could be improved with caching.",ambiguous
88,"The application shall support keyboard shortcuts for common actions.",clear
89,"The algorithm should optimize for accuracy and speed.",ambiguous
90,"User data shall be permanently deleted within 30 days of account deletion.",clear
91,"The system may need to handle many concurrent requests.",ambiguous
92,"API responses shall be compressed using gzip for payloads over 1KB.",clear
93,"The interface could be more user-friendly for mobile devices.",ambiguous
94,"Error messages shall provide specific guidance for resolution.",clear
95,"Performance should be better than industry standards.",ambiguous
96,"The system shall implement CSRF protection for all state-changing requests.",clear
97,"The model might need regular updates to maintain accuracy.",ambiguous
98,"User activity shall be tracked with event timestamps and actions.",clear
99,"The system should be flexible enough to accommodate new features.",ambiguous
100,"Database transactions shall maintain ACID properties for financial operations.",clear
101,"Response times may be quick under ideal conditions.",ambiguous
102,"The application shall support right-to-left languages for international users.",clear
103,"The algorithm could use some tuning for better results.",ambiguous
104,"User sessions shall be securely invalidated upon logout.",clear
105,"The system should minimize resource usage when possible.",ambiguous
106,"All external dependencies shall be monitored for security vulnerabilities.",clear
107,"The interface might need improvements for accessibility.",ambiguous
108,"File uploads shall be scanned for viruses before processing.",clear
109,"Performance should be adequate for the intended use case.",ambiguous
110,"The system shall generate monthly usage reports by the 5th of each month.",clear
111,"The model may require significant computational resources.",ambiguous
112,"User permissions shall be editable through admin interface with approval workflow.",clear
113,"The system could benefit from better documentation.",ambiguous
114,"API authentication shall use JWT tokens with 1-hour expiration.",clear
115,"Response times should be fast for most operations.",ambiguous
116,"The application shall support high contrast mode for visually impaired users.",clear
117,"The algorithm might perform worse with noisy data.",ambiguous
118,"Database queries shall use parameterized statements to prevent injection.",clear
119,"The system should be easy to maintain and extend.",ambiguous
120,"User data shall be encrypted at rest using industry-standard algorithms.",clear
121,"Performance may need optimization in future releases.",ambiguous
122,"The application shall support offline functionality for core features.",clear
123,"The interface should be intuitive enough for first-time users.",ambiguous
124,"All API responses shall include request ID for tracking purposes.",clear
125,"The model could be more accurate with additional features.",ambiguous
126,"User accounts shall be locked after 5 failed login attempts.",clear
127,"The system might require regular updates for security.",ambiguous
128,"Data validation shall reject entries with SQL keywords in text fields.",clear
129,"Response times should be quick enough to avoid user frustration.",ambiguous
130,"The system shall maintain audit trails for all data modifications.",clear
131,"The algorithm should maximize predictive accuracy.",ambiguous
132,"User interface shall comply with WCAG 2.1 AA accessibility standards.",clear
133,"The system may need to scale to handle peak traffic.",ambiguous
134,"API rate limits shall be configurable per user tier.",clear
135,"Performance could be better with hardware upgrades.",ambiguous
136,"The application shall support real-time collaboration features.",clear
137,"The model might need adjustment for different market segments.",ambiguous
138,"User preferences shall be synchronized across devices.",clear
139,"The system should be reliable under heavy load.",ambiguous
140,"Database performance shall be monitored with alerts for slow queries.",clear
141,"The interface could use a more modern design.",ambiguous
142,"User data shall be partitioned by tenant in multi-tenant architecture.",clear
143,"Response times may vary based on network conditions.",ambiguous
144,"The system shall implement proper CORS headers for web clients.",clear
145,"The algorithm should be robust to missing data points.",ambiguous
146,"User sessions shall timeout after exactly 60 minutes of inactivity.",clear
147,"The system might benefit from machine learning optimization.",ambiguous
148,"All external API integrations shall have circuit breaker pattern implemented.",clear
149,"Performance should be sufficient for enterprise use.",ambiguous
150,"The application shall support bulk operations for data management.",clear
151,"The model could use more efficient algorithms.",ambiguous
152,"User authentication shall support biometric verification where available.",clear
153,"The system may need additional validation rules.",ambiguous
154,"Database connections shall be pooled with maximum 100 connections.",clear
155,"Response times should be fast for critical operations.",ambiguous
156,"The system shall generate comprehensive API documentation with Swagger.",clear
157,"The interface might be too complex for some users.",ambiguous
158,"User activity logs shall be retained for 365 days for compliance.",clear
159,"Performance could improve with code optimization.",ambiguous
160,"The application shall support progressive web app capabilities.",clear
161,"The algorithm should minimize false positive rates.",ambiguous
162,"User data exports shall include complete history in standardized format.",clear
163,"The system might require custom configuration for different clients.",ambiguous
164,"API endpoints shall validate content-type headers for all requests.",clear
165,"Response times may be adequate but could be better.",ambiguous
166,"The system shall implement proper input sanitization for XSS prevention.",clear
167,"The model should be scalable to larger datasets.",ambiguous
168,"User notifications shall be delivered via email, SMS, and push notifications.",clear
169,"The interface could benefit from user testing and feedback.",ambiguous
170,"Database indexes shall be optimized quarterly based on query patterns.",clear
171,"Performance should be reliable across different environments.",ambiguous
172,"The application shall support automated testing for 80% of code coverage.",clear
173,"The algorithm might need calibration for different regions.",ambiguous
174,"User permissions shall follow principle of least privilege.",clear
175,"The system should be easy to deploy in different infrastructures.",ambiguous
176,"All cryptographic operations shall use approved algorithms and key lengths.",clear
177,"Response times could be faster with better hardware.",ambiguous
178,"The system shall support horizontal scaling with load balancers.",clear
179,"The model may require significant memory for processing.",ambiguous
180,"User interface shall be responsive on mobile, tablet, and desktop.",clear
181,"The system should maximize throughput where possible.",ambiguous
182,"API responses shall be cached for 5 minutes for frequently accessed data.",clear
183,"Performance might degrade with large numbers of users.",ambiguous
184,"The application shall support feature flags for gradual rollouts.",clear
185,"The algorithm could be more efficient in resource usage.",ambiguous
186,"User data shall be backed up to geographically separate locations.",clear
187,"The interface should be flexible for different workflow needs.",ambiguous
188,"Database replication shall maintain consistency within 1 second.",clear
189,"Response times should be quick for user satisfaction.",ambiguous
190,"The system shall implement proper session management with secure cookies.",clear
191,"The model might need regular retraining to maintain performance.",ambiguous
192,"User accounts shall require re-authentication for sensitive operations.",clear
193,"Performance could be optimized through profiling and tuning.",ambiguous
194,"The application shall support single sign-on with enterprise identity providers.",clear
195,"The system should be robust to network failures.",ambiguous
196,"All user inputs shall be validated on both client and server sides.",clear
197,"The interface may need simplification for better user experience.",ambiguous
198,"Database migrations shall be backward compatible for rolling deployments.",clear
199,"Response times should be adequate for the application domain.",ambiguous
200,"The system shall monitor and alert on security events in real-time.",clear
201,"The algorithm should minimize computational complexity.",ambiguous
202,"User preferences shall be exportable in standard JSON format.",clear
203,"The system might require additional error handling mechanisms.",ambiguous
204,"API versioning shall support deprecated versions for 6 months.",clear
205,"Performance should be fast enough for interactive use.",ambiguous
206,"The application shall support automated deployment pipelines.",clear
207,"The model could benefit from ensemble methods.",ambiguous
208,"User data shall be anonymized for analytics purposes.",clear
209,"The interface should be intuitive without training.",ambiguous
210,"Database queries shall use read replicas for reporting workloads.",clear
211,"Response times may be sufficient but not optimal.",ambiguous
212,"The system shall implement proper logging with log levels and structured format.",clear
213,"The algorithm should be scalable to handle increasing data volumes.",ambiguous
214,"User authentication shall support hardware security keys.",clear
215,"The system might need performance tuning in production.",ambiguous
216,"All external communications shall use TLS 1.2 or higher.",clear
217,"Performance should be better than competing solutions.",ambiguous
218,"The application shall support custom themes and branding.",clear
219,"The model may require GPU acceleration for training.",ambiguous
220,"User sessions shall be invalidated when password is changed.",clear
221,"The system should be easy to integrate with other systems.",ambiguous
222,"Database backups shall be tested quarterly with restore drills.",clear
223,"Response times could be improved with asynchronous processing.",ambiguous
224,"The system shall implement rate limiting to prevent abuse.",clear
225,"The algorithm should optimize for both precision and recall.",ambiguous
226,"User interface shall support keyboard navigation for all functions.",clear
227,"The system might require custom development for specific use cases.",ambiguous
228,"API documentation shall include code samples in 3 programming languages.",clear
229,"Performance should be reliable during peak usage periods.",ambiguous
230,"The application shall support automated scaling based on load metrics.",clear
231,"The model could use transfer learning for improved performance.",ambiguous
232,"User data shall be processed in compliance with regional data laws.",clear
233,"The interface should be adaptable to different user roles.",ambiguous
234,"Database performance shall be benchmarked monthly against SLAs.",clear
235,"Response times might be acceptable for most users.",ambiguous
236,"The system shall implement proper error handling with user-friendly messages.",clear
237,"The algorithm should be robust to adversarial attacks.",ambiguous
238,"User accounts shall support two-factor authentication as default.",clear
239,"Performance could benefit from distributed computing.",ambiguous
240,"The application shall support canary deployments for new features.",clear
241,"The model might need feature engineering for better results.",ambiguous
242,"User data shall be encrypted in transit using latest TLS versions.",clear
243,"The system should be flexible to accommodate business rule changes.",ambiguous
244,"API responses shall include pagination for large result sets.",clear
245,"Performance should be optimized for common use cases.",ambiguous
246,"The system shall support real-time monitoring and dashboards.",clear
247,"The algorithm could use hyperparameter tuning for improvement.",ambiguous
248,"User interface shall load completely within 3 seconds on broadband.",clear
249,"The system might require additional validation for edge cases.",ambiguous
250,"Database schema changes shall be reviewed for performance impact.",clear
251,"The application should be easy to learn for new users.",ambiguous
252,"All API calls shall include correlation IDs for distributed tracing.",clear
253,"The model may need to handle various data distributions.",ambiguous
254,"User passwords shall expire every 90 days with password history of 5.",clear
255,"Response times could be faster with optimized database queries.",ambiguous
256,"The system shall support A/B testing for new feature rollouts.",clear
257,"The interface should be consistent across different platforms.",ambiguous
258,"Database connections shall use connection pooling with min 5 max 50 connections.",clear
259,"Performance might be impacted by external dependencies.",ambiguous
260,"User data shall be processed within the region where it was collected.",clear
261,"The algorithm should be efficient in terms of memory usage.",ambiguous
262,"API responses shall include appropriate cache-control headers.",clear
263,"The system could use more comprehensive error reporting.",ambiguous
264,"User sessions shall be encrypted with AES-128 encryption.",clear
265,"Response times should be acceptable for the target audience.",ambiguous
266,"The application shall support voice commands for accessibility.",clear
267,"The model might require different approaches for various data types.",ambiguous
268,"All user actions shall be logged with user ID and timestamp.",clear
269,"The interface should be customizable to user preferences.",ambiguous
270,"Database backups shall be encrypted with 256-bit encryption.",clear
271,"Performance could be enhanced with load balancing.",ambiguous
272,"The system shall validate JWT token signatures for all authenticated requests.",clear
273,"The algorithm may need to balance speed and accuracy.",ambiguous
274,"User profiles shall support avatar uploads with max size 2MB.",clear
275,"Response times might be slower during backup operations.",ambiguous
276,"The application shall support multiple time zones for international users.",clear
277,"The system should be resilient to component failures.",ambiguous
278,"API endpoints shall return 503 during maintenance with retry-after header.",clear
279,"The model could benefit from cross-validation techniques.",ambiguous
280,"User data shall be automatically archived after 2 years of inactivity.",clear
281,"The interface should provide adequate feedback for user actions.",ambiguous
282,"Database queries shall be optimized to use indexes for all search operations.",clear
283,"Performance should be consistent across different deployments.",ambiguous
284,"The system shall implement proper CORS policies for cross-origin requests.",clear
285,"The algorithm might need regularization to prevent overfitting.",ambiguous
286,"User authentication shall support social media login options.",clear
287,"Response times could be improved with content delivery networks.",ambiguous
288,"The application shall support data export in PDF format.",clear
289,"The system may require additional security audits.",ambiguous
290,"All user-generated files shall be scanned for malware upon upload.",clear
291,"The model should be able to handle missing values appropriately.",ambiguous
292,"User interface shall support 10 different language localizations.",clear
293,"Performance might vary between development and production environments.",ambiguous
294,"The system shall implement brute force protection for login attempts.",clear
295,"The interface could be more engaging for users.",ambiguous
296,"Database transactions shall be atomic with rollback capability.",clear
297,"Response times should be fast for frequently used features.",ambiguous
298,"The application shall support automated database index maintenance.",clear
299,"The algorithm may require feature scaling for optimal performance.",ambiguous
300,"User data shall be pseudonymized for testing environments.",clear
301,"The system should be easy to troubleshoot when issues occur.",ambiguous
302,"API responses shall include rate limit headers (X-RateLimit-*).",clear
303,"The model might need different parameters for various use cases.",ambiguous
304,"User sessions shall be stored in secure, http-only cookies.",clear
305,"Performance could be better with optimized memory management.",ambiguous
306,"The system shall support blue-green deployment strategy.",clear
307,"The interface should be accessible to users with disabilities.",ambiguous
308,"Database performance shall be monitored with query performance insights.",clear
309,"Response times may depend on the complexity of operations.",ambiguous
310,"The application shall support automated security vulnerability scanning.",clear
311,"The algorithm should be interpretable for business users.",ambiguous
312,"User passwords shall be checked against known breach databases.",clear
313,"The system might need to comply with various industry standards.",ambiguous
314,"All API errors shall be logged with stack traces in development mode.",clear
315,"Performance should be adequate for the hardware specifications.",ambiguous
316,"The system shall implement proper HTTP security headers.",clear
317,"The model could use early stopping to prevent overfitting.",ambiguous
318,"User data shall be stored in encrypted databases with key rotation.",clear
319,"The interface should provide sufficient guidance for complex tasks.",ambiguous
320,"Database connections shall use SSL/TLS for encrypted communication.",clear
321,"Response times could be reduced with optimized frontend code.",ambiguous
322,"The application shall support automated performance testing.",clear
323,"The algorithm might need to handle class imbalance in data.",ambiguous
324,"User accounts shall require email confirmation for password changes.",clear
325,"Performance should be monitored continuously.",ambiguous
326,"The system shall support distributed tracing for microservices.",clear
327,"The model may require different evaluation metrics.",ambiguous
328,"User interface shall support screen readers with proper ARIA labels.",clear
329,"The system could use more intuitive error messages.",ambiguous
330,"Database backups shall be stored in geographically redundant storage.",clear
331,"Response times should be predictable under normal load.",ambiguous
332,"The application shall support automated database schema migrations.",clear
333,"The algorithm should be robust to outliers in the data.",ambiguous
334,"User authentication shall support time-based one-time passwords (TOTP).",clear
335,"Performance might be affected by third-party services.",ambiguous
336,"The system shall implement proper data validation at API boundaries.",clear
337,"The interface could benefit from performance optimizations.",ambiguous
338,"Database queries shall be audited for performance monthly.",clear
339,"The model should generalize well to unseen data.",ambiguous
340,"User data shall be processed in batches for efficiency where appropriate.",clear
341,"Response times may need to be measured more accurately.",ambiguous
342,"The application shall support automated rollback of deployments.",clear
343,"The algorithm could use dimensionality reduction techniques.",ambiguous
344,"User sessions shall include device fingerprinting for security.",clear
345,"Performance should be comparable to similar systems.",ambiguous
346,"The system shall implement proper input validation for file uploads.",clear
347,"The model might need to be updated frequently.",ambiguous
348,"User interface shall support touch gestures for mobile devices.",clear
349,"The system should be able to recover from failures quickly.",ambiguous
350,"Database indexes shall be rebuilt during maintenance windows.",clear
351,"Response times could be improved with database query optimization.",ambiguous
352,"The application shall support health check endpoints for monitoring.",clear
353,"The algorithm should minimize training time where possible.",ambiguous
354,"User data shall be versioned to track changes over time.",clear
355,"Performance might be limited by network bandwidth.",ambiguous
356,"The system shall implement proper authentication for all endpoints.",clear
357,"The interface could use more visual indicators for status.",ambiguous
358,"Database transactions shall maintain isolation levels for consistency.",clear
359,"The model should be deployable in various environments.",ambiguous
360,"User authentication shall support certificate-based authentication.",clear
361,"Response times should be measured from multiple geographic locations.",ambiguous
362,"The application shall support automated certificate renewal.",clear
363,"The algorithm might need ensemble methods for better accuracy.",ambiguous
364,"User data shall be automatically classified by sensitivity level.",clear
365,"Performance could benefit from just-in-time compilation.",ambiguous
366,"The system shall implement proper authorization for resource access.",clear
367,"The model may require different preprocessing steps.",ambiguous
368,"User interface shall support customizable dashboards.",clear
369,"The system should be configurable for different deployment sizes.",ambiguous
370,"Database connections shall be monitored for leaks and closed properly.",clear
371,"Response times might be affected by garbage collection.",ambiguous
372,"The application shall support automated failover to backup systems.",clear
373,"The algorithm should be tested with various datasets.",ambiguous
374,"User passwords shall be hashed with salt to prevent rainbow table attacks.",clear
375,"Performance should be benchmarked against key competitors.",ambiguous
376,"The system shall implement proper session fixation protection.",clear
377,"The interface could use more responsive design principles.",ambiguous
378,"Database queries shall use explain plans to optimize performance.",clear
379,"The model might need transfer learning from pre-trained models.",ambiguous
380,"User data shall be automatically backed up before major operations.",clear
381,"Response times could be improved with connection pooling.",ambiguous
382,"The application shall support automated security patch updates.",clear
383,"The algorithm should be able to handle streaming data.",ambiguous
384,"User authentication shall support hardware tokens like YubiKey.",clear
385,"Performance may need to be optimized for mobile devices.",ambiguous
386,"The system shall implement proper cross-site request forgery protection.",clear
387,"The model could use attention mechanisms for better performance.",ambiguous
388,"User interface shall support high DPI displays with vector graphics.",clear
389,"The system should be able to handle sudden traffic spikes.",ambiguous
390,"Database backups shall be tested with actual restore procedures.",clear
391,"Response times should be consistent across different user segments.",ambiguous
392,"The application shall support automated performance regression testing.",clear
393,"The algorithm might need to be explainable for regulatory compliance.",ambiguous
394,"User data shall be encrypted with customer-managed encryption keys.",clear
395,"Performance could be improved with application-level caching.",ambiguous
396,"The system shall implement proper HTTP method validation for APIs.",clear
397,"The interface should provide adequate loading indicators.",ambiguous
398,"Database schema shall be normalized to third normal form.",clear
399,"The model should be deployable as a microservice.",ambiguous
400,"User authentication shall support biometric authentication on supported devices.",clear
401,"Response times may be impacted by database locking.",ambiguous
402,"The application shall support automated database performance tuning.",clear
403,"The algorithm could use reinforcement learning approaches.",ambiguous
404,"User data shall be automatically purged according to retention policies.",clear
405,"Performance should be monitored with real-time alerts.",ambiguous
406,"The system shall implement proper content security policies.",clear
407,"The model might need to handle concept drift over time.",ambiguous
408,"User interface shall support keyboard shortcuts for power users.",clear
409,"The system should be easy to scale horizontally.",ambiguous
410,"Database queries shall be optimized to avoid full table scans.",clear
411,"Response times could be better with optimized network configuration.",ambiguous
412,"The application shall support automated database backup verification.",clear
413,"The algorithm should be robust to adversarial examples.",ambiguous
414,"User passwords shall be checked for common patterns and rejected.",clear
415,"Performance might be affected by virtualization overhead.",ambiguous
416,"The system shall implement proper file type validation for uploads.",clear
417,"The interface could use more progressive disclosure techniques.",ambiguous
418,"Database transactions shall be optimized for read-heavy workloads.",clear
419,"The model should be able to provide confidence scores for predictions.",ambiguous
420,"User data shall be automatically synchronized across authorized devices.",clear
421,"Response times should be measured end-to-end for critical user journeys.",ambiguous
422,"The application shall support automated security compliance reporting.",clear
423,"The algorithm might need different architectures for different problems.",ambiguous
424,"User authentication shall support risk-based authentication.",clear
425,"Performance could be improved with just-in-time resource allocation.",ambiguous
426,"The system shall implement proper API versioning strategy.",clear
427,"The model may require specialized hardware for inference.",ambiguous
428,"User interface shall support customizable color themes.",clear
429,"The system should be resilient to distributed denial of service attacks.",ambiguous
430,"Database performance shall be monitored with query performance regressions.",clear
431,"Response times might be slower for complex analytical queries.",ambiguous
432,"The application shall support automated database index creation.",clear
433,"The algorithm should be able to learn from incremental data.",ambiguous
434,"User data shall be encrypted with keys rotated every 90 days.",clear
435,"Performance should be optimized for the most common user scenarios.",ambiguous
436,"The system shall implement proper error handling for network timeouts.",clear
437,"The interface could use more informative tooltips and help text.",ambiguous
438,"Database connections shall use read-write splitting for scalability.",clear
439,"The model might need to be calibrated for different confidence levels.",ambiguous
440,"User authentication shall support single sign-out across applications.",clear
441,"Response times could be improved with background processing.",ambiguous
442,"The application shall support automated database connection health checks.",clear
443,"The algorithm should be deployable in containerized environments.",ambiguous
444,"User data shall be automatically classified for data governance.",clear
445,"Performance might be limited by I/O throughput.",ambiguous
446,"The system shall implement proper validation for all configuration settings.",clear
447,"The model could use unsupervised learning for pattern discovery.",ambiguous
448,"User interface shall support voice feedback for accessibility.",clear
449,"The system should be able to handle partial failures gracefully.",ambiguous
450,"Database backups shall include transaction logs for point-in-time recovery.",clear
451,"Response times should be acceptable across different network conditions.",ambiguous
452,"The application shall support automated performance benchmarking.",clear
453,"The algorithm might need to handle multi-modal data sources.",ambiguous
454,"User passwords shall be stored using argon2id hashing algorithm.",clear
455,"Performance could be enhanced with query result caching.",ambiguous
456,"The system shall implement proper CORS configuration for allowed origins.",clear
457,"The interface should provide adequate confirmation for destructive actions.",ambiguous
458,"Database queries shall be parameterized to prevent SQL injection.",clear
459,"The model should be able to provide explanations for its predictions.",ambiguous
460,"User data shall be automatically compressed to reduce storage costs.",clear
461,"Response times may be affected by external API dependencies.",ambiguous
462,"The application shall support automated database connection pooling tuning.",clear
463,"The algorithm could use federated learning for privacy preservation.",ambiguous
464,"User authentication shall support device recognition for suspicious activity.",clear
465,"Performance should be measured under realistic load conditions.",ambiguous
466,"The system shall implement proper input sanitization for all user inputs.",clear
467,"The model might need active learning for efficient labeling.",ambiguous
468,"User interface shall support gesture-based navigation for touch devices.",clear
469,"The system should be easy to monitor and debug in production.",ambiguous
470,"Database performance shall be optimized for both OLTP and reporting workloads.",clear
471,"Response times could be improved with static content caching.",ambiguous
472,"The application shall support automated security penetration testing.",clear
473,"The algorithm should be robust to data quality issues.",ambiguous
474,"User data shall be automatically archived based on access patterns.",clear
475,"Performance might be impacted by memory fragmentation.",ambiguous
476,"The system shall implement proper session storage with encryption.",clear
477,"The interface could use more consistent design patterns.",ambiguous
478,"Database transactions shall be optimized for write-heavy workloads.",clear
479,"The model should be able to handle real-time inference requests.",ambiguous
480,"User authentication shall support passwordless authentication methods.",clear
481,"Response times should be predictable across different time periods.",ambiguous
482,"The application shall support automated database performance alerts.",clear
483,"The algorithm might need to balance multiple objectives.",ambiguous
484,"User data shall be automatically validated for consistency.",clear
485,"Performance could be improved with just-in-time image optimization.",ambiguous
486,"The system shall implement proper HTTP redirect security.",clear
487,"The model may require different model architectures for different tasks.",ambiguous
488,"User interface shall support reduced motion for accessibility.",clear
489,"The system should be able to handle schema evolution gracefully.",ambiguous
490,"Database backups shall be encrypted with keys managed by a KMS.",clear
491,"Response times might be slower during data processing tasks.",ambiguous
492,"The application shall support automated database connection timeout tuning.",clear
493,"The algorithm should be able to detect data drift in production.",ambiguous
494,"User passwords shall be automatically suggested for strength improvement.",clear
495,"Performance should be optimized for the target deployment environment.",ambiguous
496,"The system shall implement proper error handling for malformed requests.",clear
497,"The interface could use more informative error states.",ambiguous
498,"Database queries shall be optimized to use covering indexes where possible.",clear
499,"The model should be able to handle multi-lingual text inputs.",ambiguous
500,"User data shall be automatically redacted for privacy in logs.",clear